node,degree,strength,betweenness,closeness,clustering,community
Gauss M. Cordeiro,21,24,0.02199051303910639,0.3203463203463203,0.04284801500508018,91
Josmar Mazucheli,15,17,0.01876844383238245,0.3008130081300813,0.06582326477239885,67
Francisco Louzada,13,16,0.012643452029641273,0.2624113475177305,0.06724071967224632,67
Helton Saulo,12,15,0.00851859138304151,0.23125,0.10771982111413572,32
Morad Alizadeh,9,9,0.01888648435963014,0.3274336283185841,0.09259259259259259,67
Roberto Vila,9,11,0.011640107548035936,0.2730627306273063,0.12063814195485653,32
Gamze Ozel,8,8,0.017627385402321463,0.31896551724137934,0.14285714285714285,67
Marcelo Bourguignon,8,8,0.002793625811528625,0.19321148825065274,0.15785620297493894,32
Jeremias Le˜ao,7,8,9.180929897042429e-05,0.19270833333333334,0.23110359205348,32
Vera L.D. Tomazella,6,6,0.006925044265197718,0.21893491124260356,0.15555555555555556,41
Vinicius F. Calsavara,6,6,0.0036723719588169714,0.185,0.15555555555555556,41
Adriano K. Suzuki,6,8,0.0011935208866155171,0.24915824915824916,0.24193347336539034,67
Heleno Bolfarine,6,6,0.0003541215817430651,0.0,0.13333333333333333,5
Miguel A. Uribe-Opazo,6,6,0.000314774739327169,0.0,0.13333333333333333,14
Paulo Justiniano Ribeiro Jr,6,8,0.00027542789691127286,0.0,0.16710760221754992,14
Lu´ıs H. de Santana,6,7,0.00023608105449537674,0.2605633802816901,0.2492108067447976,91
Omar Fetitah,6,6,0.00011804052724768837,0.0,0.13333333333333333,75
Jhonnata B. de Carvalho,6,6,0.00010492491310905633,0.0,0.15555555555555556,84
Reinaldo B. Arellano-Valle,5,5,0.0005770870220998098,0.0,0.1,5
Paulo H. Ferreira,5,7,0.0002360810544953768,0.2483221476510067,0.3629002100480855,67
Raydonal Ospina,5,5,0.00011804052724768837,0.0,0.13333333333333333,78
Christophe Chesneau,5,5,5.2462456554528165e-05,0.0,0.2086640349964958,88
Elisangela C. Biazatti,5,7,8.743742759088028e-06,0.24666666666666667,0.3629002100480855,91
Maria do Carmo S. de Lima,5,7,8.743742759088028e-06,0.24666666666666667,0.3629002100480855,91
Renato Cintra,5,5,0.0,0.19170984455958548,0.3419973683298291,32
Leandro Rˆego,5,5,0.0,0.19170984455958548,0.3419973683298291,32
Gauss Cordeiro3,5,5,0.0,0.19170984455958548,0.3419973683298291,32
Vera L. D. Tomazella,4,4,0.0018886484359630139,0.1581196581196581,0.1111111111111111,41
Wolf-Dieter Richter,4,4,0.0003803528100203292,0.0,0.05555555555555555,5
Manuel Galea,4,4,0.00011804052724768837,0.0,0.16666666666666666,14
Alejandro C. Frery,4,4,5.2462456554528165e-05,0.0,0.1111111111111111,17
Sanku Dey,4,5,1.3115614138632041e-05,0.23417721518987342,0.26554239720470113,67
Muhammad Aslam,4,4,0.0,0.0,0.3333333333333333,12
Chi-Hyuck Jun,4,4,0.0,0.0,0.3333333333333333,12
Hyeseon Lee,4,4,0.0,0.0,0.3333333333333333,12
Munir Ahmad,4,4,0.0,0.0,0.3333333333333333,12
Mujahid Rasool,4,4,0.0,0.0,0.3333333333333333,12
Ahmed Z. Afify,4,4,0.0,0.2803030303030303,0.3333333333333333,67
Emrah Altun,4,4,0.0,0.2803030303030303,0.3333333333333333,67
G.G. Hamedani,4,4,0.0,0.2803030303030303,0.3333333333333333,67
Andr´e Pereira,4,4,0.0,0.0,0.3333333333333333,66
Viviane Campos,4,4,0.0,0.0,0.3333333333333333,66
Jos´e Roveda,4,4,0.0,0.0,0.3333333333333333,66
F´agner Santana,4,4,0.0,0.0,0.3333333333333333,66
Francisco de Medeiros,4,4,0.0,0.0,0.3333333333333333,66
Taciana K. O. Shimizu,4,4,0.0,0.24749163879598662,0.39109356664330513,67
Murilo C. Silva,4,4,0.0,0.0,0.3333333333333333,84
George F. von Borries,4,4,0.0,0.0,0.3333333333333333,84
Andre L.S. de Pinho,4,4,0.0,0.0,0.3333333333333333,84
Ricardo F. von Borries,4,4,0.0,0.0,0.3333333333333333,84
Agatha S. Rodrigues,4,4,0.0,0.18316831683168316,0.3333333333333333,41
Eduardo Bertolli,4,4,0.0,0.18316831683168316,0.3333333333333333,41
Stela V. Peres,4,4,0.0,0.18316831683168316,0.3333333333333333,41
Bernardo B. de Andrade,4,4,0.0,0.0,0.3333333333333333,86
Raul Y. Matsushita,4,4,0.0,0.0,0.3333333333333333,86
Pushpa N. Rathie,4,4,0.0,0.0,0.3333333333333333,86
Luan Ozelim,4,4,0.0,0.0,0.3333333333333333,86
Sandro B. de Oliveira,4,4,0.0,0.0,0.3333333333333333,86
Muhammed Rasheed Irshad,4,5,0.0,0.0,0.37665350831581224,88
Damodaran Santhamani Shibu,4,4,0.0,0.0,0.3477733916608263,88
Soman Latha Nitin,4,4,0.0,0.0,0.34777339166082627,88
Radhakumari Maya,4,5,0.0,0.0,0.37665350831581224,88
Gabriela M. Rodrigues,4,4,0.0,0.25874125874125875,0.3477733916608263,91
Edwin M. M. Ortega,4,4,0.0,0.25874125874125875,0.3477733916608263,91
Tabassum Naz Sindhu,4,4,0.0,0.27007299270072993,0.3333333333333333,67
Anum Shafiq,4,4,0.0,0.27007299270072993,0.3333333333333333,67
Bruna Alves,4,4,0.0,0.27007299270072993,0.3333333333333333,67
Edwin M.M. Ortega,4,4,0.0,0.24584717607973422,0.37665350831581224,91
Luís H. de Santana,4,4,0.0,0.24584717607973422,0.37665350831581224,91
Konan J.G. Kouakou,4,4,0.0,0.0,0.3333333333333333,102
Kouakou Mathias Amani,4,4,0.0,0.0,0.3333333333333333,102
Lancine Bamba,4,4,0.0,0.0,0.3333333333333333,102
Brahima Soro,4,4,0.0,0.0,0.3333333333333333,102
Ouagnina Hili,4,4,0.0,0.0,0.3333333333333333,102
Ernesto San Martín,4,4,0.0,0.0,0.3333333333333333,103
María Soledad Graell,4,4,0.0,0.0,0.3333333333333333,103
Carolina Maldonado,4,4,0.0,0.0,0.3333333333333333,103
Macarena Borquez,4,4,0.0,0.0,0.3333333333333333,103
Ivan Canales,4,4,0.0,0.0,0.3333333333333333,103
Francisco Cribari-Neto,3,3,6.55780706931602e-05,0.0,0.1111111111111111,78
Ernesto San Mart´ın,3,4,2.6231228277264083e-05,0.0,0.13999122776609704,7
Fernando Marmolejo-Ramos,3,3,2.6231228277264083e-05,0.0,0.1111111111111111,65
Pilar L. Iglesias,3,3,0.0,0.0,0.3333333333333333,5
Paola Viviani,3,3,0.0,0.0,0.3333333333333333,5
Joelmir A. Borssoi,3,3,0.0,0.0,0.3333333333333333,14
Fernanda De Bastiani,3,3,0.0,0.0,0.3333333333333333,14
Luciana Pagliosa Carvalho Guedes,3,3,0.0,0.0,0.3333333333333333,14
Sonia Maria De Stefano Piedade,3,3,0.0,0.0,0.3333333333333333,14
Ricardo Dutra da Silva,3,5,0.0,0.0,0.5022046777544164,15
William Robson Schwartz,3,5,0.0,0.0,0.5022046777544164,15
Helio Pedrini,3,5,0.0,0.0,0.5022046777544164,15
Rosane Minghim,3,3,0.0,0.0,0.41997368329829116,15
Clara Quintana,3,3,0.0,0.0,0.3333333333333333,16
Silvia Ojeda,3,3,0.0,0.0,0.3333333333333333,16
German Tirao,3,3,0.0,0.0,0.3333333333333333,16
Mauro Valente,3,3,0.0,0.0,0.3333333333333333,16
Alessandra Guglielmi,3,3,0.0,0.0,0.3333333333333333,19
Francesca Ieva,3,3,0.0,0.0,0.3333333333333333,19
Anna M. Paganoni,3,3,0.0,0.0,0.3333333333333333,19
abrizio Ruggeri,3,3,0.0,0.0,0.3333333333333333,19
Ye Liang,3,3,0.0,0.0,0.3333333333333333,39
Dongchu Sun2,3,3,0.0,0.0,0.3333333333333333,39
Chong He,3,3,0.0,0.0,0.3333333333333333,39
Mario Schootman,3,3,0.0,0.0,0.3333333333333333,39
Gurprit Grover,3,3,0.0,0.0,0.3333333333333333,40
Divya Seth,3,3,0.0,0.0,0.3333333333333333,40
V. Ravi,3,3,0.0,0.0,0.3333333333333333,40
Prafulla Kumar Swain,3,3,0.0,0.0,0.3333333333333333,40
Wagner Hugo Bonat,3,5,0.0,0.0,0.5022046777544164,14
Silvia Emiko Shimakura,3,5,0.0,0.0,0.5022046777544164,14
William D. Aristiz´abal,3,3,0.0,0.24503311258278146,0.3333333333333333,91
Dora M. Su´arez,3,3,0.0,0.24503311258278146,0.3333333333333333,91
S´ebastien Lozano,3,3,0.0,0.24503311258278146,0.3333333333333333,91
Viviana Giampaoli,3,3,0.0,0.0,0.3333333333333333,53
Karin A. Tamura,3,3,0.0,0.0,0.3333333333333333,53
Norma P. Caro,3,3,0.0,0.0,0.3333333333333333,53
Luiz J. Sim˜oes de Araujo,3,3,0.0,0.0,0.3333333333333333,53
"Case, B.S.",3,3,0.0,0.0,0.3333333333333333,56
"Buckley, H.L.",3,3,0.0,0.0,0.3333333333333333,56
"Barker Plotkin, A.",3,3,0.0,0.0,0.3333333333333333,56
"Ellison, A.M.3",3,3,0.0,0.0,0.3333333333333333,56
Abra˜ao D. C. Nascimento,3,3,0.0,0.2803030303030303,0.3333333333333333,67
Mahdi Rasekhi,3,3,0.0,0.2803030303030303,0.3333333333333333,67
N´ıvea B. da Silva,3,3,0.0,0.0,0.3333333333333333,57
Leila D. A. F. Amorim,3,3,0.0,0.0,0.3333333333333333,57
Enrico A. Colosimo,3,3,0.0,0.0,0.3333333333333333,57
Leo Heller,3,3,0.0,0.0,0.3333333333333333,57
N. Balakrishnan,3,3,0.0,0.18925831202046037,0.3622134499883192,32
Vera Tomazella,3,3,0.0,0.18925831202046037,0.3622134499883192,32
Javier Su´arez-Espinosa,3,3,0.0,0.0,0.3333333333333333,64
Jos´e A. Villase˜nor-Alva,3,3,0.0,0.0,0.3333333333333333,64
Annel Hurtado-Jaramillo,3,3,0.0,0.0,0.3333333333333333,64
Paulino P´erez-Rodr´ıguez,3,3,0.0,0.0,0.3333333333333333,64
Jos´e Evandeilton Lopes,3,3,0.0,0.0,0.41997368329829116,14
Luis Benites,3,3,0.0,0.0,0.3333333333333333,5
Roc´ıo Maehara,3,3,0.0,0.0,0.3333333333333333,5
Victor H. Lachos,3,3,0.0,0.0,0.3333333333333333,5
Nathalia L. Chaves,3,3,0.0,0.0,0.3333333333333333,69
Caio L. N. Azevedo,3,3,0.0,0.0,0.3333333333333333,69
Filidor Vilca-Labra,3,3,0.0,0.0,0.3333333333333333,69
Juvencio S. Nobre,3,3,0.0,0.0,0.3333333333333333,69
Taciana K.O. Shimizu,3,3,0.0,0.21022727272727273,0.41997368329829116,67
Guilherme Parreira da Silva,3,3,0.0,0.0,0.3333333333333333,71
Cesar Augusto Taconeli,3,3,0.0,0.0,0.3333333333333333,71
Walmes Marques Zeviani,3,3,0.0,0.0,0.3333333333333333,71
Isadora Aparecida Sprengoski do Nascimento,3,3,0.0,0.0,0.3333333333333333,71
Ibrahim M. Almanjahie,3,3,0.0,0.0,0.3333333333333333,75
Mohammed Kadi Attouch,3,3,0.0,0.0,0.3333333333333333,75
Hayat Louhab,3,3,0.0,0.0,0.3333333333333333,75
Ricardo Puziol de Oliveira,3,3,0.0,0.0,0.3333333333333333,76
Marcos Vinicius de Oliveira Peres,3,3,0.0,0.0,0.3333333333333333,76
Jorge Alberto Achcar,3,3,0.0,0.0,0.3333333333333333,76
Nasser Davarzani,3,3,0.0,0.0,0.3333333333333333,76
Andre F.B. Menezes,3,3,0.0,0.2334384858044164,0.3622134499883192,67
Saralees Nadarajah,3,3,0.0,0.2334384858044164,0.3622134499883192,67
André Leite,3,3,0.0,0.0,0.3333333333333333,78
Abel Borges,3,3,0.0,0.0,0.3333333333333333,78
Geiza Silva,3,3,0.0,0.0,0.3333333333333333,78
Jorge Figueroa-Zúñiga,3,3,0.0,0.0,0.3333333333333333,79
Rodrigo Sanhueza-Parkes,3,3,0.0,0.0,0.3333333333333333,79
Bernardo Lagos-Álvarez,3,3,0.0,0.0,0.3333333333333333,79
Germán Ibacache-Pulgar,3,3,0.0,0.0,0.3333333333333333,79
Lucas de Oliveira Ferreira de Sales,3,3,0.0,0.16299559471365638,0.3333333333333333,32
Andre Lu ´ ´ıs Santos de Pinho,3,3,0.0,0.16299559471365638,0.3333333333333333,32
Francisco Moises C ´ andido de Medeiros,3,3,0.0,0.16299559471365638,0.3333333333333333,32
Mohammed K. Attouch,3,3,0.0,0.0,0.3333333333333333,75
Salah Khardani,3,3,0.0,0.0,0.3333333333333333,75
Ali Righi,3,3,0.0,0.0,0.3333333333333333,75
Víctor Leiva,3,3,0.0,0.22289156626506024,0.3824721744786009,32
Cecilia Castro,3,3,0.0,0.22289156626506024,0.3824721744786009,32
Cristian Tellez-Piñérez,3,3,0.0,0.0,0.3333333333333333,98
Leonardo Trujillo,3,3,0.0,0.0,0.3333333333333333,98
Juan Sosa,3,3,0.0,0.0,0.3333333333333333,98
Andres Gutiérrez-Rojas,3,3,0.0,0.0,0.3333333333333333,98
Marc G. Genton,2,2,0.00014427175552495246,0.0,0.0,5
Munaf Y. Hmood,2,2,1.3115614138632041e-05,0.0,0.0,31
Daniel Furtado Ferreira,2,2,1.3115614138632041e-05,0.0,0.0,77
Elijah Gaioni,2,2,0.0,0.0,0.3333333333333333,3
Dipak Dey,2,2,0.0,0.0,0.3333333333333333,3
Fabrizio Ruggeri,2,2,0.0,0.0,0.3333333333333333,3
Rosangela H. Loschi,2,2,0.0,0.0,0.3333333333333333,8
Jeanne G. Pontel,2,2,0.0,0.0,0.3333333333333333,8
Frederico R. B. Cruz,2,2,0.0,0.0,0.3333333333333333,8
Pranab K. Sen,2,2,0.0,0.0,0.3333333333333333,9
Ibrahim A. Salama,2,2,0.0,0.0,0.3333333333333333,9
Dana Quade,2,2,0.0,0.0,0.3333333333333333,9
Abraao D.C. Nascimento,2,2,0.0,0.0,0.3333333333333333,17
Renato J. Cintra,2,2,0.0,0.0,0.3333333333333333,17
Luis Gustavo Bastos Pinho,2,2,0.0,0.0,0.3333333333333333,21
Juvencio Santos Nobre,2,2,0.0,0.0,0.3333333333333333,21
S´ılvia Maria de Freitas,2,2,0.0,0.0,0.3333333333333333,21
Lutemberg Florencio,2,2,0.0,0.0,0.3333333333333333,78
Marcos Oliveira Prates,2,2,0.0,0.0,0.3333333333333333,25
Dipak Kumar Dey,2,2,0.0,0.0,0.3333333333333333,25
Victor Hugo Lachos,2,2,0.0,0.0,0.3333333333333333,25
Alexander R. de Leon,2,2,0.0,0.0,0.3333333333333333,30
Hamed Mahmoodian,2,2,0.0,0.0,0.3333333333333333,30
Ahad Jamalizadeh,2,2,0.0,0.0,0.3333333333333333,30
Vicente G. Cancho,2,2,0.0,0.2138728323699422,0.3333333333333333,41
Ana Percontini,2,2,0.0,0.24422442244224424,0.3333333333333333,91
Betsabé Blas,2,2,0.0,0.24422442244224424,0.3333333333333333,91
Thomas Dietrich,2,2,0.0,0.0,0.3333333333333333,5
Steve Kalke,2,2,0.0,0.0,0.3333333333333333,5
José C. Fogo,2,2,0.0,0.1574468085106383,0.3333333333333333,41
Guillermo Ferreira,2,2,0.0,0.0,0.3333333333333333,33
Ricardo Olea,2,2,0.0,0.0,0.3333333333333333,33
Wilfredo Palma,2,2,0.0,0.0,0.3333333333333333,33
M. Al-Rawwash,2,2,0.0,0.0,0.3333333333333333,37
M. T. Alodat,2,2,0.0,0.0,0.3333333333333333,37
N. Odat,2,2,0.0,0.0,0.3333333333333333,37
S. Nayeban,2,2,0.0,0.0,0.3333333333333333,38
A.H. Rezaei Roknabadi,2,2,0.0,0.0,0.3333333333333333,38
Mohtashami Borzadaran,2,2,0.0,0.0,0.3333333333333333,38
Eder Angelo Milani,2,2,0.0,0.13703703703703704,0.3333333333333333,41
Carlos Alberto Ribeiro Diniz,2,2,0.0,0.13703703703703704,0.3333333333333333,41
Prayas Sharma,2,3,0.0,0.0,0.4199736832982911,42
Rajesh Singh,2,3,0.0,0.0,0.4199736832982911,42
Elsayed Ahmed Elsherpieny,2,2,0.0,0.0,0.3333333333333333,43
Sahar Ahmed Ibrahim,2,2,0.0,0.0,0.3333333333333333,43
Radwan Eleswey Bedar,2,2,0.0,0.0,0.3333333333333333,43
Joseph Rezac,2,2,0.0,0.0,0.3333333333333333,46
Y.L. Lio,2,2,0.0,0.0,0.3333333333333333,46
Nan Jiang,2,2,0.0,0.0,0.3333333333333333,46
Hemant K. Verma,2,2,0.0,0.0,0.4199736832982911,42
Francisco William P. Marciano,2,2,0.0,0.0,0.3333333333333333,51
Betsab´e G. Blas Achic,2,2,0.0,0.0,0.3333333333333333,51
Francisco Jos´e A. Cysneiros,2,2,0.0,0.0,0.3333333333333333,51
Rodney Vasconcelos Fonseca,2,2,0.0,0.0,0.3333333333333333,52
Juvˆencio Santos Nobre,2,2,0.0,0.0,0.3333333333333333,52
Rafael Br´az Azevedo Farias,2,2,0.0,0.0,0.3333333333333333,52
Abdulhamid A. Alzaid,2,2,0.0,0.0,0.3333333333333333,55
Maha A. Omair,2,2,0.0,0.0,0.3333333333333333,55
Weaam. M. Alhadlaq,2,2,0.0,0.0,0.3333333333333333,55
Em´ılio A. Coelho-Barros,2,2,0.0,0.24503311258278146,0.4199736832982911,67
"Dattatreya Rao, A.V.",2,2,0.0,0.0,0.3333333333333333,58
"Girija, S.V.S.",2,2,0.0,0.0,0.3333333333333333,58
"Phani, Y.",2,2,0.0,0.0,0.3333333333333333,58
Alexandra M. Schmidt,2,2,0.0,0.0,0.3333333333333333,59
Caroline P. de Moraes3,2,2,0.0,0.0,0.3333333333333333,59
Helio S. Migon,2,2,0.0,0.0,0.3333333333333333,59
Valdemiro Piedade Vigas,2,2,0.0,0.20903954802259886,0.3333333333333333,67
Giovana Oliveira Silva,2,2,0.0,0.20903954802259886,0.3333333333333333,67
S.M.T.K MirMostafaee,2,2,0.0,0.2483221476510067,0.3333333333333333,67
Indranil Ghosh,2,2,0.0,0.2483221476510067,0.3333333333333333,67
Andr´e F. B. Menezes,2,2,0.0,0.23270440251572327,0.4199736832982911,67
Juan Carlos Correa M.,2,2,0.0,0.0,0.3333333333333333,65
Carlos Barrera-Causil,2,2,0.0,0.0,0.3333333333333333,65
Ednario Mendonc¸a,2,2,0.0,0.0,0.3333333333333333,68
Michelli Barros,2,2,0.0,0.0,0.3333333333333333,68
Joelson Campos,2,2,0.0,0.0,0.3333333333333333,68
M. Mansoor,2,2,0.0,0.24422442244224424,0.3333333333333333,91
Serge B. Provost,2,2,0.0,0.24422442244224424,0.3333333333333333,91
Lucas Pereira Lopes,2,2,0.0,0.20903954802259886,0.3333333333333333,67
Vicente Garibay Cancho,2,2,0.0,0.20903954802259886,0.3333333333333333,67
Boubaker Mechab,2,2,0.0,0.0,0.3333333333333333,72
Nesrine Hamidi,2,2,0.0,0.0,0.3333333333333333,72
Samir Benaissa,2,2,0.0,0.0,0.3333333333333333,72
Thodur Parthasarathy Sripriya,2,2,0.0,0.0,0.3333333333333333,74
Mamandur Rangaswamy Srinivasan,2,2,0.0,0.0,0.3333333333333333,74
Meenakshisundaram Subbiah,2,2,0.0,0.0,0.3333333333333333,74
Sudeep R. Bapat,2,2,0.0,0.23270440251572327,0.3333333333333333,67
Andre Felipe B. Menezes,2,2,0.0,0.23270440251572327,0.3333333333333333,67
Carlos López-Vázquez,2,2,0.0,0.0,0.3333333333333333,81
Andrómaca Tasistro,2,2,0.0,0.0,0.3333333333333333,81
Esther Hochsztain,2,2,0.0,0.0,0.3333333333333333,81
Abraão D.C. Nascimento,2,2,0.0,0.0,0.3333333333333333,17
Kássio F. Silva,2,2,0.0,0.0,0.3333333333333333,17
Jamer Roldan,2,2,0.0,0.2222222222222222,0.4807498567691361,32
Moizes da S. Melo,2,2,0.0,0.0,0.3333333333333333,84
La´ıs H. Loose,2,2,0.0,0.0,0.3333333333333333,84
Magaly S. Moraga,2,2,0.0,0.0,0.3333333333333333,85
German Ibacache-Pulgar,2,2,0.0,0.0,0.3333333333333333,85
Orietta Nicolis,2,2,0.0,0.0,0.3333333333333333,85
Eduardo Alarcon-Bustamante,2,3,0.0,0.0,0.4199736832982911,7
Lucas D. Ribeiro-Reis,2,2,0.0,0.24422442244224424,0.3333333333333333,91
Jose J. de Santana e Silva,2,2,0.0,0.24422442244224424,0.3333333333333333,91
Emilio Gomez-D ´ eniz,2,2,0.0,0.0,0.3333333333333333,89
Enrique Calder´ın-Ojeda,2,2,0.0,0.0,0.3333333333333333,89
Jose Mar ´ ´ıa Sarabia,2,2,0.0,0.0,0.3333333333333333,89
Frihi Redhouane,2,2,0.0,0.0,0.3333333333333333,90
Rassoul Abdelaziz,2,2,0.0,0.0,0.3333333333333333,90
Hamid Ouldrouis,2,2,0.0,0.0,0.3333333333333333,90
Ines M. Varas,2,2,0.0,0.0,0.4199736832982911,7
Shahzad Munir,2,2,0.0,0.0,0.3333333333333333,93
Sohail Raza,2,2,0.0,0.0,0.3333333333333333,93
Khawaja Abdul Haq,2,2,0.0,0.0,0.3333333333333333,93
Atanu Biswas,2,2,0.0,0.0,0.3333333333333333,94
Rahul Bhattacharya,2,2,0.0,0.0,0.3333333333333333,94
Taranga Mukherjee,2,2,0.0,0.0,0.3333333333333333,94
Bakary D. Coulibaly,2,2,0.0,0.0,0.3333333333333333,96
Ghizlane Chaibi,2,2,0.0,0.0,0.3333333333333333,96
Mohammed El Khomssi,2,2,0.0,0.0,0.3333333333333333,96
Christos P. Kitsos,2,2,0.0,0.0,0.3333333333333333,101
Amilcar Oliveira,2,2,0.0,0.0,0.3333333333333333,101
Ulrich Eschcol Nyamsi,2,2,0.0,0.0,0.3333333333333333,101
Eduardo Nakano,2,2,0.0,0.2222222222222222,0.4807498567691361,32
Guido del Pino,1,1,0.0,0.0,0.0,1
Gloria Icaza,1,1,0.0,0.0,0.0,1
Manuel Mendoza,1,1,0.0,0.0,0.0,2
Eduardo Guti´errez-Pe˜na,1,1,0.0,0.0,0.0,2
Leonardo Varuzza,1,1,0.0,0.0,0.0,4
Carlos Alberto de Bragan¸ca Pereira,1,1,0.0,0.0,0.0,4
Ignacio Vidal,1,1,0.0,0.0,0.0,6
Luis M. Castro,1,1,0.0,0.0,0.0,6
Jorge Gonz´alez,1,1,0.0,0.0,0.0,7
Filidor Vilca,1,1,0.0,0.0,0.0,14
Jos´e A. D´ıaz-Garc´ıa,1,1,0.0,0.0,0.0,10
Ramon Guti ´ ´errez-Jaimez,1,1,0.0,0.0,0.0,10
Amelia V. Garc´ıa-Luengo,1,1,0.0,0.0,0.0,11
Inmaculada Ona Casado,1,1,0.0,0.0,0.0,11
Cec´ılia Azevedo,1,1,0.0,0.0,0.0,13
Paulo E. Oliveira,1,1,0.0,0.0,0.0,13
Carmen Batanero,1,1,0.0,0.0,0.0,18
Carmen D´ıaz,1,1,0.0,0.0,0.0,18
Nargess Hosseinioun,1,1,0.0,0.0,0.0,88
Rahim Mahmoudvand,1,1,0.0,0.0,0.0,20
Mohammad Zokaei,1,1,0.0,0.0,0.0,20
Arabin Kumar Dey,1,1,0.0,0.0,0.0,22
Debasis Kundu,1,1,0.0,0.0,0.0,22
Adelchi Azzalini,1,1,0.0,0.0,0.0,23
Giuliana Regoli,1,1,0.0,0.0,0.0,23
Estefan´ıa Hernandez-S ´ anchez,1,1,0.0,0.0,0.0,24
Bruno Scarpa,1,1,0.0,0.0,0.0,24
Marco Minozzo,1,1,0.0,0.0,0.0,26
Laura Ferracuti,1,1,0.0,0.0,0.0,26
Hao Zhang,1,1,0.0,0.0,0.0,5
Ramkrishna S. Solanki,1,1,0.0,0.0,0.0,27
Housila P. Singh,1,1,0.0,0.0,0.0,27
Luis Sanchez,1,1,0.0,0.0,0.0,28
Saba Infante,1,1,0.0,0.0,0.0,28
Mir Nabi Pirouzi Fard,1,1,0.0,0.0,0.0,29
Bjorn Holmquist,1,1,0.0,0.0,0.0,29
Ulrich Stadtm¨uller,1,1,0.0,0.0,0.0,31
Anna Clara Monti,1,1,0.0,0.0,0.0,34
Rosa Fucci,1,1,0.0,0.0,0.0,34
Robert G. Aykroyd,1,1,0.0,0.0,0.0,35
Salem M. Al-Gezeri,1,1,0.0,0.0,0.0,35
Wagner Cavali,1,1,0.0,0.2084507042253521,0.0,67
Marcelo Angelo Cirillo,1,1,0.0,0.0,0.0,36
Patr´ıcia de Siqueira Ramos,1,1,0.0,0.0,0.0,36
John Venz,1,1,0.0,0.0,0.0,5
Ren´e Holst,1,1,0.0,0.0,0.0,44
Bent Jørgensen,1,1,0.0,0.0,0.0,44
Farrukh Javed,1,1,0.0,0.0,0.0,45
Panagiotis Mantalos,1,1,0.0,0.0,0.0,45
Emilio G´omez–D´eniz,1,1,0.0,0.0,0.0,47
Enrique Calder´ın–Ojeda,1,1,0.0,0.0,0.0,47
Ibrahim Elbatal,1,1,0.0,0.0,0.0,48
Gokarna Aryal,1,1,0.0,0.0,0.0,48
Gajendra K. Vishwakarma,1,1,0.0,0.0,0.0,49
Manish Kumar,1,1,0.0,0.0,0.0,49
Ronny O. Vallejos,1,1,0.0,0.0,0.0,50
Silvia M. Ojeda,1,1,0.0,0.0,0.0,50
V.L. Mandowara,1,1,0.0,0.0,0.0,54
Nitu Mehta (Ranka),1,1,0.0,0.0,0.0,54
Jorge I. V´elez,1,1,0.0,0.0,0.0,65
Adarsha Kumar Jena,1,1,0.0,0.0,0.0,60
d Manas Ranjan Tripathy,1,1,0.0,0.0,0.0,60
Marcelo M. Taddeo,1,1,0.0,0.0,0.0,61
Pedro A. Morettin,1,1,0.0,0.0,0.0,61
Erlandson F. Saraiva,1,1,0.0,0.2,0.0,67
Yongwan Chun,1,1,0.0,0.0,0.0,62
Daniel A. Griffith,1,1,0.0,0.0,0.0,62
Michel Helcias Montoril,1,1,0.0,0.0,0.0,63
Cl´ecio da Silva Ferreira,1,1,0.0,0.0,0.0,63
Eduardo Horta,1,1,0.0,0.0,0.0,70
Flavio Ziegelmann,1,1,0.0,0.0,0.0,70
Luz Milena Zea Fernandez,1,1,0.0,0.0,0.0,73
Thiago A. N. de Andrade,1,1,0.0,0.0,0.0,73
Henrique José de Paula Alves,1,1,0.0,0.0,0.0,77
Ruth Burkhalter,1,1,0.0,0.0,0.0,80
Yuhlong Lio,1,1,0.0,0.0,0.0,80
Malinda Coa,1,1,0.0,0.0,0.0,82
Ernesto Ponsot,1,1,0.0,0.0,0.0,82
Francisco J. Ariza-Hernandez,1,1,0.0,0.0,0.0,83
Eduardo Gutiérrez-Peña2,1,1,0.0,0.0,0.0,83
Mar´ıa Duenas,1,1,0.0,0.0,0.0,87
Ramon Giraldo,1,1,0.0,0.0,0.0,87
Izabela R. Cardoso de Oliveira,1,1,0.0,0.0,0.0,77
Azaz Ahmed,1,1,0.0,0.0,0.0,92
Muhammad Azam,1,1,0.0,0.0,0.0,92
Alexsandro A. Ferreira,1,1,0.0,0.24342105263157895,0.0,91
Sahana Bhattacharjee,1,1,0.0,0.0,0.0,95
Subrata Chakraborty,1,1,0.0,0.0,0.0,95
Hadi Alizadeh Noughabi,1,1,0.0,0.0,0.0,97
Mohammad Shafaei Noughabi,1,1,0.0,0.0,0.0,97
Flavio B. Gonçalves,1,1,0.0,0.0,0.0,99
Pedro Franklin,1,1,0.0,0.0,0.0,99
Hayder Raaid Talib,1,1,0.0,0.0,0.0,31
Santiago Ortiz,1,1,0.0,0.0,0.0,100
Omar Becerra,1,1,0.0,0.0,0.0,100
Fabio P. Lima,1,1,0.0,0.0,0.0,78
